<?xml version="1.0" encoding="UTF-8"?>
<rss version="2.0" xmlns:atom="http://www.w3.org/2005/Atom">
  <channel>
    <title>Insane Driver</title>
    <description>Write an awesome description for your new site here. You can edit this line in _config.yml. It will appear in your document head meta (for Google search results) and in your feed.xml site description.</description>
    <link>/</link>
    <atom:link href="/feed.xml" rel="self" type="application/rss+xml" />
    <pubDate>Mon, 10 Nov 2014 22:26:35 -0200</pubDate>
    <lastBuildDate>Mon, 10 Nov 2014 22:26:35 -0200</lastBuildDate>
    <generator>Jekyll v2.4.0</generator>
    
      <item>
        <title>Recording</title>
        <description>
</description>
        <pubDate>Sat, 08 Nov 2014 00:00:00 -0200</pubDate>
        <link>/art/2014/11/08/project-2/</link>
        <guid isPermaLink="true">/art/2014/11/08/project-2/</guid>
        
        
        <category>art</category>
        
      </item>
    
      <item>
        <title>Recording</title>
        <description>
</description>
        <pubDate>Sat, 08 Nov 2014 00:00:00 -0200</pubDate>
        <link>/art/2014/11/08/project-1/</link>
        <guid isPermaLink="true">/art/2014/11/08/project-1/</guid>
        
        
        <category>art</category>
        
      </item>
    
  </channel>
</rss>
